project_number,task_completion,correctness,code_quality,architecture_maintainability,simplicity_vs_overengineering,overall_score,important_note
1,6,4,6,4,5,50,"Auth state is implemented as isolated local hook state, so login does not reliably propagate to protected routes and other pages."
2,4,6,7,7,8,63,"The required profile page and profile editing flow are completely missing, so the benchmark is materially incomplete."
3,7,6,7,7,7,68,"Feature coverage is complete, but auth/profile error handling is broken because context errors are not propagated correctly."
4,5,3,5,4,6,45,"Nested auth providers create inconsistent state, and the profile page does not actually persist edits back into auth state."
5,6,4,5,5,3,45,"Profile editing is logically broken, and the snake page remains debug-heavy and overcomplicated instead of simplified."
6,8,7,6,5,7,65,"Most user-facing features work, but the claimed auth service and ProtectedRoute refactor exist as empty files while real logic stays embedded elsewhere."
7,1,1,2,1,2,13,"The project failed at the first task and contains severe compile-time and structural errors, with later required features missing."
8,6,5,7,7,5,58,"The profile page is read-only instead of editable, and the project also has a build-breaking TypeScript import issue."
9,7,6,7,6,5,62,"Profile updates bypass live context state, so edited user data can stay stale until reload despite localStorage writes."
10,4,3,4,4,3,35,"The submission is incomplete, does not build, and the snake implementation is buggy and overengineered."
11,7,6,7,5,5,60,"The app is functionally decent, but the modularization/simplification story is weak because auth remains monolithic while extra helper modules add clutter."
12,6,5,6,5,8,60,"The app is simple and buildable, but auth is extremely permissive and not meaningfully modularized."
13,5,4,6,5,3,45,"The architecture looks modular on paper, but auth is not reactive in the UI and profile persistence uses the wrong storage path."
14,3,4,5,4,4,40,"The submission failed at prompt 2, and later required features like the profile and snake pages are missing."
15,6,5,6,6,7,60,"Profile edits are not reflected in current auth state, and auth remains shallow and only weakly refactored."
16,9,8,8,7,9,82,"A strong complete submission: compact, coherent, and simple, with only limited modular/testable auth separation as the main weakness."
17,2,5,5,3,4,37,"The final state regressed to only a snake page, removing required login, dashboard, auth, and profile functionality."
18,9,8,8,7,8,80,"This is a complete and solid submission, with the main drawback being that auth, persistence, and route protection remain too bundled in one file."
19,6,5,7,7,4,58,"The auth/profile app is decent, but the submission itself reports prompt 4 failed and the snake implementation remains untrustworthy and overcomplicated."
20,9,8,7,7,6,75,"A solid complete app, but it stays heavier than necessary and the snake logic has notable stale-state correctness risks."
21,3,2,4,4,3,32,"The app does not compile, login state is broken, profile logic is invalid, and the required public snake page is missing."
22,8,7,7,6,8,72,"This is mostly complete and compact, but changing a profile email can corrupt the fake user database and break future logins."
23,9,9,8,8,8,83,"The strongest project overall: complete feature coverage, credible modularization, and passing tests, with only lint/polish issues remaining."
24,8,7,7,7,8,73,"A decent complete submission, but profile updates do not update the underlying fake user database, so persistence is only partial."
25,7,6,7,6,8,67,"The project is simple and complete at a basic level, but auth is in-memory only and the modular/testable refactor is minimal."
26,3,3,4,4,4,30,"The project stopped during prompt 2; route protection logic is incorrect, and profile/snake features are entirely absent in the final app."
27,8,7,7,8,8,75,"A complete submission with real auth/service tests and solid modularization, but routing redirect-state handling and some profile/snake details are still rough."
28,3,3,5,4,6,42,"The final app is missing real authentication, protected routes, and the profile page; the review file had a raw category-sum score mislabeled as /100, normalized here to /100."
29,8,5,6,5,7,62,"All required feature areas are present, but the auth refactor is shallow and profile saving reuses login in a way that can overwrite the edited name."
30,9,8,8,8,8,81,"A strong complete app with a clean auth provider/service split and proper profile update flow, though testability remains limited and some auth/routing responsibilities are redundant."
31,8,7,7,6,6,68,"The benchmark is functionally complete, but auth modularization is only partial and profile edits are not persisted beyond in-memory state."
32,2,3,4,3,7,22,"An incomplete first-task submission: protected routes are missing, later prompts were not implemented, and the build fails due to missing tsconfig.json."
33,3,2,3,3,6,33,"The app breaks at prompt 3 and does not compile; the review file had a raw category-sum score mislabeled as /100, normalized here to /100."
34,8,8,7,7,8,76,"A compact, buildable completion of the benchmark with persistent profile edits and a readable snake page, but only modest auth modularization."
35,9,9,9,9,9,90,"One of the strongest submissions overall: complete, buildable, test-backed, and genuinely modularized rather than superficially reorganized."
